,age,cp,trestbps,chol,fbs,restecg,thalach,exang,oldpeak,slope,ca,thal
count,302.0,302.0,302.0,302.0,302.0,302.0,302.0,302.0,302.0,302.0,302.0,302.0
mean,54.420529801324506,0.9635761589403974,131.60264900662253,246.5,0.1490066225165563,0.5264900662251656,149.56953642384107,0.32781456953642385,1.0430463576158941,1.3973509933774835,0.7185430463576159,2.314569536423841
std,9.04796974624746,1.0320436419542325,17.563394230037563,51.75348865574056,0.3566860293648132,0.5260271694099755,22.903527251969837,0.47019596400976915,1.161452289063457,0.6162739844441469,1.0067482586428387,0.6130255397814748
min,29.0,0.0,94.0,126.0,0.0,0.0,71.0,0.0,0.0,0.0,0.0,0.0
25%,48.0,0.0,120.0,211.0,0.0,0.0,133.25,0.0,0.0,1.0,0.0,2.0
50%,55.5,1.0,130.0,240.5,0.0,1.0,152.5,0.0,0.8,1.0,0.0,2.0
75%,61.0,2.0,140.0,274.75,0.0,1.0,166.0,1.0,1.6,2.0,1.0,3.0
max,77.0,3.0,200.0,564.0,1.0,2.0,202.0,1.0,6.2,2.0,4.0,3.0
